Id,OwnerId,IsDeleted,Name,CreatedDate,CreatedById,LastModifiedDate,LastModifiedById,SystemModstamp,LastActivityDate,nFORCE__Disable_Print__c,nFORCE__Show_Link_To_Context_Object__c,nFORCE__lookupKey__c,AutorabitExtId__c
"a344T000000PEXrQAO","0054T000000ZYm5QAG","","Deal Summary","2019-09-09T15:17:11.000Z","0054T000000ZYm5QAG","2019-09-09T15:17:11.000Z","0054T000000ZYm5QAG","","","false","true","76746535435435",""
"a344T000000PEXsQAO","0054T000000ZYm5QAG","","Available Screen Sections","2019-09-09T15:17:11.000Z","0054T000000ZYm5QAG","2019-09-09T15:17:11.000Z","0054T000000ZYm5QAG","","","false","true","426034127026778314",""
"a344T000000PEXtQAO","0054T000000ZYm5QAG","","Available Screen Sections","2019-09-09T15:17:11.000Z","0054T000000ZYm5QAG","2019-09-09T15:17:11.000Z","0054T000000ZYm5QAG","","","false","true","4260341270267783114",""
"a344T000000PEXuQAO","0054T000000ZYm5QAG","","Available Screen Sections","2019-09-09T15:17:11.000Z","0054T000000ZYm5QAG","2019-09-09T15:17:11.000Z","0054T000000ZYm5QAG","","","false","true","4260341270267783124",""
"a344T000000PEXvQAO","0054T000000ZYm5QAG","","Available Screen Sections","2019-09-09T15:17:11.000Z","0054T000000ZYm5QAG","2019-09-09T15:17:11.000Z","0054T000000ZYm5QAG","","","false","true","4260341270267783134",""
"a344T000000PEXwQAO","0054T000000ZYm5QAG","","Available Screen Sections","2019-09-09T15:17:11.000Z","0054T000000ZYm5QAG","2019-09-09T15:17:11.000Z","0054T000000ZYm5QAG","","","false","true","42152793487506478",""
"a344T000000PEXxQAO","0054T000000ZYm5QAG","","Available Screen Sections","2019-09-09T15:17:11.000Z","0054T000000ZYm5QAG","2019-09-09T15:17:11.000Z","0054T000000ZYm5QAG","","","false","true","42039667039986909",""
"a344T000000PEXyQAO","0054T000000ZYm5QAG","","Available Screen Sections","2019-09-09T15:17:11.000Z","0054T000000ZYm5QAG","2019-09-09T15:17:11.000Z","0054T000000ZYm5QAG","","","false","true","42172645886552116",""
"a344T000000PEXzQAO","0054T000000ZYm5QAG","","Available Screen Sections","2019-09-09T15:17:11.000Z","0054T000000ZYm5QAG","2019-09-09T15:17:11.000Z","0054T000000ZYm5QAG","","","false","true","42408597515396741",""
"a344T000000PEY0QAO","0054T000000ZYm5QAG","","Available Screen Sections","2019-09-09T15:17:11.000Z","0054T000000ZYm5QAG","2019-09-09T15:17:11.000Z","0054T000000ZYm5QAG","","","false","true","42216965115830581",""
"a344T000000PEY1QAO","0054T000000ZYm5QAG","","Available Screen Sections","2019-09-09T15:17:11.000Z","0054T000000ZYm5QAG","2019-09-09T15:17:11.000Z","0054T000000ZYm5QAG","","","false","true","42150399614341616",""
"a344T000000PEY2QAO","0054T000000ZYm5QAG","","Available Screen Sections","2019-09-09T15:17:11.000Z","0054T000000ZYm5QAG","2019-09-09T15:17:11.000Z","0054T000000ZYm5QAG","","","false","true","42297165952100001",""
"a344T000000PEY3QAO","0054T000000ZYm5QAG","","Available Screen Sections","2019-09-09T15:17:11.000Z","0054T000000ZYm5QAG","2019-09-09T15:17:11.000Z","0054T000000ZYm5QAG","","","false","true","42826813630382801",""
"a344T000000PEY4QAO","0054T000000ZYm5QAG","","Available Screen Sections","2019-09-09T15:17:11.000Z","0054T000000ZYm5QAG","2019-09-09T15:17:11.000Z","0054T000000ZYm5QAG","","","false","true","42167815663649789",""
"a344T000000PEY5QAO","0054T000000ZYm5QAG","","Available Screen Sections","2019-09-09T15:17:11.000Z","0054T000000ZYm5QAG","2019-09-09T15:17:11.000Z","0054T000000ZYm5QAG","","","false","true","42377036245656591",""
"a344T000000PEY6QAO","0054T000000ZYm5QAG","","Available Screen Sections","2019-09-09T15:17:11.000Z","0054T000000ZYm5QAG","2019-09-09T15:17:11.000Z","0054T000000ZYm5QAG","","","false","true","42686277354485569",""
"a344T000000PEY7QAO","0054T000000ZYm5QAG","","Available Screen Sections","2019-09-09T15:17:11.000Z","0054T000000ZYm5QAG","2019-09-09T15:17:11.000Z","0054T000000ZYm5QAG","","","false","true","42682493032422653",""
"a344T000000PEY8QAO","0054T000000ZYm5QAG","","Available Screen Sections","2019-09-09T15:17:11.000Z","0054T000000ZYm5QAG","2019-09-09T15:17:11.000Z","0054T000000ZYm5QAG","","","false","true","42258791916601441",""
"a344T000000PEY9QAO","0054T000000ZYm5QAG","","Available Screen Sections","2019-09-09T15:17:11.000Z","0054T000000ZYm5QAG","2019-09-09T15:17:11.000Z","0054T000000ZYm5QAG","","","false","true","42045171035964661",""
"a344T000000PEYAQA4","0054T000000ZYm5QAG","","Available Screen Sections","2019-09-09T15:17:11.000Z","0054T000000ZYm5QAG","2019-09-09T15:17:11.000Z","0054T000000ZYm5QAG","","","false","true","42928826582583099",""
"a344T000000PEYBQA4","0054T000000ZYm5QAG","","Available Screen Sections","2019-09-09T15:17:11.000Z","0054T000000ZYm5QAG","2019-09-09T15:17:11.000Z","0054T000000ZYm5QAG","","","false","true","42409805801187142",""
"a344T000000PEYCQA4","0054T000000ZYm5QAG","","Available Screen Sections","2019-09-09T15:17:11.000Z","0054T000000ZYm5QAG","2019-09-09T15:17:11.000Z","0054T000000ZYm5QAG","","","false","true","42784655050267520",""
"a344T000000PEYDQA4","0054T000000ZYm5QAG","","Available Screen Sections","2019-09-09T15:17:11.000Z","0054T000000ZYm5QAG","2019-09-09T15:17:11.000Z","0054T000000ZYm5QAG","","","false","true","42084849054837628",""
"a344T000000PEYEQA4","0054T000000ZYm5QAG","","Available Screen Sections","2019-09-09T15:17:11.000Z","0054T000000ZYm5QAG","2019-09-09T15:17:11.000Z","0054T000000ZYm5QAG","","","false","true","42152072906001100",""
"a344T000000PEYFQA4","0054T000000ZYm5QAG","","Available Screen Sections","2019-09-09T15:17:11.000Z","0054T000000ZYm5QAG","2019-09-09T15:17:11.000Z","0054T000000ZYm5QAG","","","false","true","42009136159900160",""
"a344T000000PEYGQA4","0054T000000ZYm5QAG","","Available Screen Sections","2019-09-09T15:17:11.000Z","0054T000000ZYm5QAG","2019-09-09T15:17:11.000Z","0054T000000ZYm5QAG","","","false","true","42809722658798881",""
"a344T000000PEYHQA4","0054T000000ZYm5QAG","","Available Screen Sections","2019-09-09T15:17:11.000Z","0054T000000ZYm5QAG","2019-09-09T15:17:11.000Z","0054T000000ZYm5QAG","","","false","true","42635809217633931",""
"a344T000000PEYIQA4","0054T000000ZYm5QAG","","Available Screen Sections","2019-09-09T15:17:11.000Z","0054T000000ZYm5QAG","2019-09-09T15:17:11.000Z","0054T000000ZYm5QAG","","","false","true","42216640012231128",""
"a344T000000PEYJQA4","0054T000000ZYm5QAG","","Available Screen Sections","2019-09-09T15:17:11.000Z","0054T000000ZYm5QAG","2019-09-09T15:17:11.000Z","0054T000000ZYm5QAG","","","false","true","42548454303640585",""
"a344T000000PEYKQA4","0054T000000ZYm5QAG","","Available Screen Sections","2019-09-09T15:17:11.000Z","0054T000000ZYm5QAG","2019-09-09T15:17:11.000Z","0054T000000ZYm5QAG","","","false","true","42098432906518525",""
"a344T000000PEYLQA4","0054T000000ZYm5QAG","","Available Screen Sections","2019-09-09T15:17:11.000Z","0054T000000ZYm5QAG","2019-09-09T15:17:11.000Z","0054T000000ZYm5QAG","","","false","true","42552507167472630",""
"a344T000000PEYMQA4","0054T000000ZYm5QAG","","Available Screen Sections","2019-09-09T15:17:11.000Z","0054T000000ZYm5QAG","2019-09-09T15:17:11.000Z","0054T000000ZYm5QAG","","","false","true","42547554951755541",""
"a344T000000PEYNQA4","0054T000000ZYm5QAG","","Available Screen Sections","2019-09-09T15:17:11.000Z","0054T000000ZYm5QAG","2019-09-09T15:17:11.000Z","0054T000000ZYm5QAG","","","false","true","42375967143243576",""
"a344T000000PEYOQA4","0054T000000ZYm5QAG","","Available Screen Sections","2019-09-09T15:17:11.000Z","0054T000000ZYm5QAG","2019-09-09T15:17:11.000Z","0054T000000ZYm5QAG","","","false","true","42747916675539942",""
"a344T000000PEYPQA4","0054T000000ZYm5QAG","","Available Screen Sections","2019-09-09T15:17:11.000Z","0054T000000ZYm5QAG","2019-09-09T15:17:11.000Z","0054T000000ZYm5QAG","","","false","true","42281527194584547",""
"a344T000000PEYQQA4","0054T000000ZYm5QAG","","Available Screen Sections","2019-09-09T15:17:11.000Z","0054T000000ZYm5QAG","2019-09-09T15:17:11.000Z","0054T000000ZYm5QAG","","","false","true","42171738043579816",""
"a344T000000PEYRQA4","0054T000000ZYm5QAG","","Available Screen Sections","2019-09-09T15:17:11.000Z","0054T000000ZYm5QAG","2019-09-09T15:17:11.000Z","0054T000000ZYm5QAG","","","false","true","42805277430289136",""
"a344T000000PEYSQA4","0054T000000ZYm5QAG","","Available Screen Sections","2019-09-09T15:17:11.000Z","0054T000000ZYm5QAG","2019-09-09T15:17:11.000Z","0054T000000ZYm5QAG","","","false","true","42234376446636860",""
"a344T000000PEYTQA4","0054T000000ZYm5QAG","","Available Screen Sections","2019-09-09T15:17:11.000Z","0054T000000ZYm5QAG","2019-09-09T15:17:11.000Z","0054T000000ZYm5QAG","","","false","true","42070950734377609",""
"a344T000000PEYUQA4","0054T000000ZYm5QAG","","Available Screen Sections","2019-09-09T15:17:11.000Z","0054T000000ZYm5QAG","2019-09-09T15:17:11.000Z","0054T000000ZYm5QAG","","","false","true","42941694750032323",""
"a344T000000PEYVQA4","0054T000000ZYm5QAG","","Available Screen Sections","2019-09-09T15:17:11.000Z","0054T000000ZYm5QAG","2019-09-09T15:17:11.000Z","0054T000000ZYm5QAG","","","false","true","42757901971851638",""
"a344T000000PEYWQA4","0054T000000ZYm5QAG","","Available Screen Sections","2019-09-09T15:17:11.000Z","0054T000000ZYm5QAG","2019-09-09T15:17:11.000Z","0054T000000ZYm5QAG","","","false","true","42973700372158944",""
"a344T000000PEYXQA4","0054T000000ZYm5QAG","","Available Screen Sections","2019-09-09T15:17:11.000Z","0054T000000ZYm5QAG","2019-09-09T15:17:11.000Z","0054T000000ZYm5QAG","","","false","true","42910747869405628",""
"a344T000000PEYYQA4","0054T000000ZYm5QAG","","Available Screen Sections","2019-09-09T15:17:11.000Z","0054T000000ZYm5QAG","2019-09-09T15:17:11.000Z","0054T000000ZYm5QAG","","","false","true","42791228768816744",""
"a344T000000PEYZQA4","0054T000000ZYm5QAG","","Available Screen Sections","2019-09-09T15:17:11.000Z","0054T000000ZYm5QAG","2019-09-09T15:17:11.000Z","0054T000000ZYm5QAG","","","false","true","42602768168224267",""
"a344T000000PEYaQAO","0054T000000ZYm5QAG","","Available Screen Sections","2019-09-09T15:17:11.000Z","0054T000000ZYm5QAG","2019-09-09T15:17:11.000Z","0054T000000ZYm5QAG","","","false","true","42926344398697575",""
"a344T000000PEYbQAO","0054T000000ZYm5QAG","","Available Screen Sections","2019-09-09T15:17:11.000Z","0054T000000ZYm5QAG","2019-09-09T15:17:11.000Z","0054T000000ZYm5QAG","","","false","true","42299453123678824",""
"a344T000000PEYcQAO","0054T000000ZYm5QAG","","Available Screen Sections","2019-09-09T15:17:11.000Z","0054T000000ZYm5QAG","2019-09-09T15:17:11.000Z","0054T000000ZYm5QAG","","","false","true","42945613848333488",""
"a344T000000PEYdQAO","0054T000000ZYm5QAG","","Available Screen Sections","2019-09-09T15:17:11.000Z","0054T000000ZYm5QAG","2019-09-09T15:17:11.000Z","0054T000000ZYm5QAG","","","false","true","42038422667998275",""
"a344T000000PEYeQAO","0054T000000ZYm5QAG","","Available Screen Sections","2019-09-09T15:17:11.000Z","0054T000000ZYm5QAG","2019-09-09T15:17:11.000Z","0054T000000ZYm5QAG","","","false","true","42215644255031629",""
"a344T000000PEYfQAO","0054T000000ZYm5QAG","","Available Screen Sections","2019-09-09T15:17:11.000Z","0054T000000ZYm5QAG","2019-09-09T15:17:11.000Z","0054T000000ZYm5QAG","","","false","true","42718553518226114",""
"a344T000000PEYgQAO","0054T000000ZYm5QAG","","Available Screen Sections","2019-09-09T15:17:11.000Z","0054T000000ZYm5QAG","2019-09-09T15:17:11.000Z","0054T000000ZYm5QAG","","","false","true","42034902570450482",""
"a344T000000PEYhQAO","0054T000000ZYm5QAG","","Available Screen Sections","2019-09-09T15:17:11.000Z","0054T000000ZYm5QAG","2019-09-09T15:17:11.000Z","0054T000000ZYm5QAG","","","false","true","42695743300491352",""
"a344T000000PEYiQAO","0054T000000ZYm5QAG","","Available Screen Sections","2019-09-09T15:17:11.000Z","0054T000000ZYm5QAG","2019-09-09T15:17:11.000Z","0054T000000ZYm5QAG","","","false","true","42683078783818524",""
"a344T000000PEYjQAO","0054T000000ZYm5QAG","","Available Screen Sections","2019-09-09T15:17:11.000Z","0054T000000ZYm5QAG","2019-09-09T15:17:11.000Z","0054T000000ZYm5QAG","","","false","true","42297489268922296",""
"a344T000000PEYkQAO","0054T000000ZYm5QAG","","Available Screen Sections","2019-09-09T15:17:11.000Z","0054T000000ZYm5QAG","2019-09-09T15:17:11.000Z","0054T000000ZYm5QAG","","","false","true","42728605133414469",""
"a344T000000PEYlQAO","0054T000000ZYm5QAG","","Available Screen Sections","2019-09-09T15:17:11.000Z","0054T000000ZYm5QAG","2019-09-09T15:17:11.000Z","0054T000000ZYm5QAG","","","false","true","42772476273148442",""
"a344T000000PEYmQAO","0054T000000ZYm5QAG","","Available Screen Sections","2019-09-09T15:17:11.000Z","0054T000000ZYm5QAG","2019-09-09T15:17:11.000Z","0054T000000ZYm5QAG","","","false","true","42664936141973887",""
"a344T000000PEYnQAO","0054T000000ZYm5QAG","","Available Screen Sections","2019-09-09T15:17:11.000Z","0054T000000ZYm5QAG","2019-09-09T15:17:11.000Z","0054T000000ZYm5QAG","","","false","true","42263378690023471",""
"a344T000000PEYoQAO","0054T000000ZYm5QAG","","Available Screen Sections","2019-09-09T15:17:11.000Z","0054T000000ZYm5QAG","2019-09-09T15:17:11.000Z","0054T000000ZYm5QAG","","","false","true","42576748687733812",""
"a344T000000PEYpQAO","0054T000000ZYm5QAG","","Available Screen Sections","2019-09-09T15:17:11.000Z","0054T000000ZYm5QAG","2019-09-09T15:17:11.000Z","0054T000000ZYm5QAG","","","false","true","42847881028755096",""
"a344T000000PEYqQAO","0054T000000ZYm5QAG","","Available Screen Sections","2019-09-09T15:17:11.000Z","0054T000000ZYm5QAG","2019-09-09T15:17:11.000Z","0054T000000ZYm5QAG","","","false","true","42563550023379214",""
"a344T000000PEYrQAO","0054T000000ZYm5QAG","","Available Screen Sections","2019-09-09T15:17:11.000Z","0054T000000ZYm5QAG","2019-09-09T15:17:11.000Z","0054T000000ZYm5QAG","","","false","true","42500217811994715",""
"a344T000000PEYsQAO","0054T0000012R1qQAE","","nCino UI Configuration Builder","2019-09-09T15:17:11.000Z","0054T0000012R1qQAE","2019-09-09T15:17:11.000Z","0054T0000012R1qQAE","","","false","true","42902894732265158",""
"a344T000000PEYtQAO","0054T000000ZYm5QAG","","Counterparty Report Topbar","2019-09-09T15:17:11.000Z","0054T000000ZYm5QAG","2019-09-09T15:17:11.000Z","0054T000000ZYm5QAG","","","false","true","42358009500122934",""
"a344T000000PEYuQAO","0054T000000ZYm5QAG","","Treasury Service Maintenance","2019-09-09T15:17:11.000Z","0054T000000ZYm5QAG","2019-09-09T15:17:11.000Z","0054T000000ZYm5QAG","","","false","true","42732079227551045",""
"a344T000000PEYvQAO","0054T000000ZYm5QAG","","Loan Summary","2019-09-09T15:17:11.000Z","0054T000000ZYm5QAG","2019-09-09T15:17:11.000Z","0054T000000ZYm5QAG","","","false","true","976687686",""
