Id,OwnerId,IsDeleted,Name,CreatedDate,CreatedById,LastModifiedDate,LastModifiedById,SystemModstamp,nFORCE__Group__c,nFORCE__Is_Hidden__c,nFORCE__Order__c,nFORCE__Parent_Route__c,nFORCE__Route__c,nFORCE__lookupKey__c,nFORCE__Has_Visibility_Criteria__c,nFORCE__Is_Default_Context_Child__c,nFORCE__Is_Forward_Navigation_Disabled__c,nFORCE__Question_Group__c,nFORCE__Visibility_Criteria__c,nFORCE__Conditional_Display_Criteria__c,nPortal__Is_Portal_Enabled__c,Route_App__c,nFORCE__Orchestration_Step__c,AutorabitExtId__c,Rabit_Text__c
"a3f4T000000PwQuQAK","0054T000000ZZW7QAO","","9317","2019-12-06T14:32:20.000Z","0054T000000ZZW7QAO","2019-12-06T14:32:20.000Z","0054T000000ZZW7QAO","","a2K4T00000007wHUAQ","false","1300.0","","a324T000000QN5fQAG","19961575395414716","false","false","false","","","{{IF=""A""}}{{COND=""A"" FIELD=""LLC_BI__Loan__c.LLC_BI__Stage__c"" IS=""Approval / Loan Committee""}}{{SHOW_ROUTE}}{{ENDIF}}{{IF=""B""}}{{COND=""B"" FIELD=""LLC_BI__Loan__c.LLC_BI__Stage__c"" IS=""Processing""}}{{SHOW_ROUTE}}{{ENDIF}}{{IF=""C""}}{{COND=""C"" FIELD=""LLC_BI__Loan__c.LLC_BI__Stage__c"" IS=""Doc Prep""}}{{SHOW_ROUTE}}{{ENDIF}}{{IF=""D""}}{{COND=""D"" FIELD=""LLC_BI__Loan__c.LLC_BI__Stage__c"" IS=""Closing""}}{{SHOW_ROUTE}}{{ENDIF}}{{IF=""E""}}{{COND=""E"" FIELD=""LLC_BI__Loan__c.LLC_BI__Stage__c"" IS=""Post Closing Review""}}{{SHOW_ROUTE}}{{ENDIF}}","false","","","a2D6g0000004btmEAA",""
"a3f4T000000PwQvQAK","0054T000000ZZW7QAO","","9318","2019-12-06T14:32:20.000Z","0054T000000ZZW7QAO","2019-12-06T14:32:20.000Z","0054T000000ZZW7QAO","","a2K4T00000007wHUAQ","false","1310.0","a324T000000QN5fQAG","a324T000000QN5fQAG","95821575395414716","false","false","false","","","{{IF=""A""}}{{COND=""A"" FIELD=""LLC_BI__Loan__c.LLC_BI__Stage__c"" IS=""Approval / Loan Committee""}}{{SHOW_ROUTE}}{{ENDIF}}{{IF=""B""}}{{COND=""B"" FIELD=""LLC_BI__Loan__c.LLC_BI__Stage__c"" IS=""Processing""}}{{SHOW_ROUTE}}{{ENDIF}}{{IF=""C""}}{{COND=""C"" FIELD=""LLC_BI__Loan__c.LLC_BI__Stage__c"" IS=""Doc Prep""}}{{SHOW_ROUTE}}{{ENDIF}}{{IF=""D""}}{{COND=""D"" FIELD=""LLC_BI__Loan__c.LLC_BI__Stage__c"" IS=""Closing""}}{{SHOW_ROUTE}}{{ENDIF}}{{IF=""E""}}{{COND=""E"" FIELD=""LLC_BI__Loan__c.LLC_BI__Stage__c"" IS=""Post Closing Review""}}{{SHOW_ROUTE}}{{ENDIF}}","false","","","a2D6g0000004btnEAA",""
"a3f4T000000PwQwQAK","0054T000000ZZW7QAO","","9319","2019-12-06T14:32:20.000Z","0054T000000ZZW7QAO","2019-12-06T14:32:20.000Z","0054T000000ZZW7QAO","","a2K4T00000007wHUAQ","false","6500.0","","a324T000000QN5cQAG","47511575395414719","false","false","false","","","{{IF=""A""}}{{COND=""A"" FIELD=""LLC_BI__Loan__c.LLC_BI__Stage__c"" IS=""Approval / Loan Committee""}}{{SHOW_ROUTE}}{{ENDIF}}{{IF=""B""}}{{COND=""B"" FIELD=""LLC_BI__Loan__c.LLC_BI__Stage__c"" IS=""Processing""}}{{SHOW_ROUTE}}{{ENDIF}}{{IF=""C""}}{{COND=""C"" FIELD=""LLC_BI__Loan__c.LLC_BI__Stage__c"" IS=""Doc Prep""}}{{SHOW_ROUTE}}{{ENDIF}}{{IF=""D""}}{{COND=""D"" FIELD=""LLC_BI__Loan__c.LLC_BI__Stage__c"" IS=""Closing""}}{{SHOW_ROUTE}}{{ENDIF}}{{IF=""E""}}{{COND=""E"" FIELD=""LLC_BI__Loan__c.LLC_BI__Stage__c"" IS=""Post Closing Review""}}{{SHOW_ROUTE}}{{ENDIF}}{{IF=""F""}}{{COND=""F"" FIELD=""LLC_BI__Loan__c.LLC_BI__Stage__c"" IS=""Booked""}}{{SHOW_ROUTE}}{{ENDIF}}","false","","","a2D6g0000004btxEAA",""
"a3f4T000000PwQxQAK","0054T000000ZZW7QAO","","9320","2019-12-06T14:32:20.000Z","0054T000000ZZW7QAO","2019-12-06T14:32:20.000Z","0054T000000ZZW7QAO","","a2K4T00000007wHUAQ","false","6510.0","a324T000000QN5cQAG","a324T000000QN5cQAG","75671575395414719","false","false","false","","","{{IF=""A""}}{{COND=""A"" FIELD=""LLC_BI__Loan__c.LLC_BI__Stage__c"" IS=""Approval / Loan Committee""}}{{SHOW_ROUTE}}{{ENDIF}}{{IF=""B""}}{{COND=""B"" FIELD=""LLC_BI__Loan__c.LLC_BI__Stage__c"" IS=""Processing""}}{{SHOW_ROUTE}}{{ENDIF}}{{IF=""C""}}{{COND=""C"" FIELD=""LLC_BI__Loan__c.LLC_BI__Stage__c"" IS=""Doc Prep""}}{{SHOW_ROUTE}}{{ENDIF}}{{IF=""D""}}{{COND=""D"" FIELD=""LLC_BI__Loan__c.LLC_BI__Stage__c"" IS=""Closing""}}{{SHOW_ROUTE}}{{ENDIF}}{{IF=""E""}}{{COND=""E"" FIELD=""LLC_BI__Loan__c.LLC_BI__Stage__c"" IS=""Post Closing Review""}}{{SHOW_ROUTE}}{{ENDIF}}{{IF=""F""}}{{COND=""F"" FIELD=""LLC_BI__Loan__c.LLC_BI__Stage__c"" IS=""Booked""}}{{SHOW_ROUTE}}{{ENDIF}}","false","","","a2D6g0000004btyEAA",""
"a3f4T000000PwQyQAK","0054T000000ZZW7QAO","","9321","2019-12-06T14:32:20.000Z","0054T000000ZZW7QAO","2019-12-06T14:32:20.000Z","0054T000000ZZW7QAO","","a2K4T00000007wHUAQ","false","1700.0","","a324T000000QN5tQAG","48591575395414720","false","false","false","","","{{IF=""A""}}{{COND=""A"" FIELD=""LLC_BI__Loan__c.LLC_BI__Stage__c"" IS=""Booked""}}{{SHOW_ROUTE}}{{ENDIF}}","false","","","a2D6g0000004bu1EAA",""
"a3f4T000000PwQzQAK","0054T000000ZZW7QAO","","9322","2019-12-06T14:32:20.000Z","0054T000000ZZW7QAO","2019-12-06T14:32:20.000Z","0054T000000ZZW7QAO","","a2K4T00000007wHUAQ","false","1710.0","a324T000000QN5tQAG","a324T000000QN5tQAG","13091575395414721","false","false","false","","","{{IF=""A""}}{{COND=""A"" FIELD=""LLC_BI__Loan__c.LLC_BI__Stage__c"" IS=""Booked""}}{{SHOW_ROUTE}}{{ENDIF}}","false","","","a2D6g0000004bu3EAA",""
"a3f4T000000PwR0QAK","0054T000000ZZW7QAO","","9323","2019-12-06T14:32:20.000Z","0054T000000ZZW7QAO","2019-12-06T14:32:20.000Z","0054T000000ZZW7QAO","","a2K4T00000007wHUAQ","false","16500.0","","a324T000000QN5uQAG","30291575395414724","false","false","false","","","{{IF=""A""}}{{COND=""A"" FIELD=""LLC_BI__Loan__c.LLC_BI__Stage__c"" IS=""Booked""}}{{SHOW_ROUTE}}{{ENDIF}}","false","","","a2D6g0000004buCEAQ",""
"a3f4T000000PwR1QAK","0054T000000ZZW7QAO","","9324","2019-12-06T14:32:20.000Z","0054T000000ZZW7QAO","2019-12-06T14:32:20.000Z","0054T000000ZZW7QAO","","a2K4T00000007wHUAQ","false","5000.0","","a324T000000QN5eQAG","04871575395414724","false","false","false","","","","false","","","a2D6g0000004buDEAQ",""
"a3f4T000000PwR2QAK","0054T000000ZZW7QAO","","9325","2019-12-06T14:32:20.000Z","0054T000000ZZW7QAO","2019-12-06T14:32:20.000Z","0054T000000ZZW7QAO","","a2K4T00000007wHUAQ","false","5010.0","a324T000000QN5eQAG","a324T000000QN5eQAG","92611575395414724","false","false","false","","","","false","","","a2D6g0000004buEEAQ",""
"a3f4T000000PwR3QAK","0054T000000ZZW7QAO","","9326","2019-12-06T14:32:20.000Z","0054T000000ZZW7QAO","2019-12-06T14:32:20.000Z","0054T000000ZZW7QAO","","a2K4T00000007wHUAQ","false","7000.0","","a324T000000QN5bQAG","87191575395414725","false","false","false","","","","false","","","a2D6g0000004buFEAQ",""
"a3f4T000000PwR4QAK","0054T000000ZZW7QAO","","9327","2019-12-06T14:32:20.000Z","0054T000000ZZW7QAO","2019-12-06T14:32:20.000Z","0054T000000ZZW7QAO","","a2K4T00000007wHUAQ","false","7010.0","a324T000000QN5bQAG","a324T000000QN5bQAG","72331575395414725","false","false","false","","","","false","","","a2D6g0000004buGEAQ",""
"a3f4T000000PwR5QAK","0054T000000ZZW7QAO","","9328","2019-12-06T14:32:20.000Z","0054T000000ZZW7QAO","2019-12-06T14:32:20.000Z","0054T000000ZZW7QAO","","a2K4T00000007wHUAQ","false","8000.0","","a324T000000QN5dQAG","01501575395414725","false","false","false","","","","false","","","a2D6g0000004buHEAQ",""
"a3f4T000000PwR6QAK","0054T000000ZZW7QAO","","9329","2019-12-06T14:32:20.000Z","0054T000000ZZW7QAO","2019-12-06T14:32:20.000Z","0054T000000ZZW7QAO","","a2K4T00000007wHUAQ","false","11010.0","a324T000000QN5gQAG","a324T000000QN5gQAG","95391575395414728","false","false","false","","","","false","","","a2D6g0000004buNEAQ",""
"a3f4T000000PwR7QAK","0054T000000ZZW7QAO","","9330","2019-12-06T14:32:20.000Z","0054T000000ZZW7QAO","2019-12-06T14:32:20.000Z","0054T000000ZZW7QAO","","a2K4T00000007wHUAQ","false","11000.0","","a324T000000QN5gQAG","62641575395414728","false","false","false","","","","false","","","a2D6g0000004buOEAQ",""
"a3f4T000000PwR8QAK","0054T000000ZZW7QAO","","9331","2019-12-06T14:32:20.000Z","0054T000000ZZW7QAO","2019-12-06T14:32:20.000Z","0054T000000ZZW7QAO","","a2K4T00000007wHUAQ","false","10.0","a324T000000QN5sQAG","a324T000000QN5sQAG","26571575395414729","false","false","false","","","","false","","","a2D6g0000004buSEAQ",""
"a3f4T000000PwR9QAK","0054T000000ZZW7QAO","","9332","2019-12-06T14:32:20.000Z","0054T000000ZZW7QAO","2019-12-06T14:32:20.000Z","0054T000000ZZW7QAO","","a2K4T00000007wHUAQ","false","0.0","","a324T000000QN5sQAG","76951575395414730","false","false","false","","","","false","","","a2D6g0000004buTEAQ",""
"a3f4T000000PwRAQA0","0054T000000ZZW7QAO","","9333","2019-12-06T14:32:20.000Z","0054T000000ZZW7QAO","2019-12-06T14:32:20.000Z","0054T000000ZZW7QAO","","a2K4T00000007wHUAQ","false","4010.0","a324T000000QN5hQAG","a324T000000QN5hQAG","27261575395414730","false","false","false","","","","false","","","a2D6g0000004buVEAQ",""
"a3f4T000000PwRBQA0","0054T000000ZZW7QAO","","9334","2019-12-06T14:32:20.000Z","0054T000000ZZW7QAO","2019-12-06T14:32:20.000Z","0054T000000ZZW7QAO","","a2K4T00000007wHUAQ","false","4000.0","","a324T000000QN5hQAG","06641575395414731","false","false","false","","","","false","","","a2D6g0000004buWEAQ",""
"a3f4T000000PwRCQA0","0054T000000ZZW7QAO","","9335","2019-12-06T14:32:20.000Z","0054T000000ZZW7QAO","2019-12-06T14:32:20.000Z","0054T000000ZZW7QAO","","a2K4T00000007wHUAQ","false","10010.0","a324T000000QN5pQAG","a324T000000QN5pQAG","83051575395414731","false","false","false","","","","false","","","a2D6g0000004buYEAQ",""
"a3f4T000000PwRDQA0","0054T000000ZZW7QAO","","9336","2019-12-06T14:32:20.000Z","0054T000000ZZW7QAO","2019-12-06T14:32:20.000Z","0054T000000ZZW7QAO","","a2K4T00000007wHUAQ","false","10000.0","","a324T000000QN5pQAG","96891575395414732","false","false","false","","","","false","","","a2D6g0000004buZEAQ",""
"a3f4T000000PwREQA0","0054T000000ZZW7QAO","","9337","2019-12-06T14:32:20.000Z","0054T000000ZZW7QAO","2019-12-06T14:32:20.000Z","0054T000000ZZW7QAO","","a2K4T00000007wHUAQ","false","8000010.0","a324T000000QN5oQAG","a324T000000QN5oQAG","20141575395414732","false","false","false","","","","false","","","a2D6g0000004buaEAA",""
"a3f4T000000PwRFQA0","0054T000000ZZW7QAO","","9338","2019-12-06T14:32:20.000Z","0054T000000ZZW7QAO","2019-12-06T14:32:20.000Z","0054T000000ZZW7QAO","","a2K4T00000007wHUAQ","false","8000000.0","","a324T000000QN5oQAG","97521575395414732","false","false","false","","","","false","","","a2D6g0000004bubEAA",""
"a3f4T000000PwRGQA0","0054T000000ZZW7QAO","","9339","2019-12-06T14:32:20.000Z","0054T000000ZZW7QAO","2019-12-06T14:32:20.000Z","0054T000000ZZW7QAO","","a2K4T00000007wHUAQ","false","6010.0","a324T000000QN5iQAG","a324T000000QN5iQAG","56881575395414734","false","false","false","","","{{IF=""A""}}{{COND=""A"" FIELD=""LLC_BI__Loan__c.LLC_BI__Stage__c"" IS=""Qualification""}}{{SHOW_ROUTE}}{{ENDIF}}{{IF=""B""}}{{COND=""B"" FIELD=""LLC_BI__Loan__c.LLC_BI__Stage__c"" IS=""Proposal""}}{{SHOW_ROUTE}}{{ENDIF}}{{IF=""C""}}{{COND=""C"" FIELD=""LLC_BI__Loan__c.LLC_BI__Stage__c"" IS=""Credit Underwriting""}}{{SHOW_ROUTE}}{{ENDIF}}{{IF=""D""}}{{COND=""D"" FIELD=""LLC_BI__Loan__c.LLC_BI__Stage__c"" IS=""Final Review""}}{{SHOW_ROUTE}}{{ENDIF}}","false","","","a2D6g0000004bugEAA",""
"a3f4T000000PwRHQA0","0054T000000ZZW7QAO","","9340","2019-12-06T14:32:20.000Z","0054T000000ZZW7QAO","2019-12-06T14:32:20.000Z","0054T000000ZZW7QAO","","a2K4T00000007wHUAQ","false","6000.0","","a324T000000QN5iQAG","20551575395414734","false","false","false","","","{{IF=""A""}}{{COND=""A"" FIELD=""LLC_BI__Loan__c.LLC_BI__Stage__c"" IS=""Qualification""}}{{SHOW_ROUTE}}{{ENDIF}}{{IF=""B""}}{{COND=""B"" FIELD=""LLC_BI__Loan__c.LLC_BI__Stage__c"" IS=""Proposal""}}{{SHOW_ROUTE}}{{ENDIF}}{{IF=""C""}}{{COND=""C"" FIELD=""LLC_BI__Loan__c.LLC_BI__Stage__c"" IS=""Credit Underwriting""}}{{SHOW_ROUTE}}{{ENDIF}}{{IF=""D""}}{{COND=""D"" FIELD=""LLC_BI__Loan__c.LLC_BI__Stage__c"" IS=""Final Review""}}{{SHOW_ROUTE}}{{ENDIF}}","false","","","a2D6g0000004buhEAA",""
"a3f4T000000PwRIQA0","0054T000000ZZW7QAO","","9341","2019-12-06T14:32:20.000Z","0054T000000ZZW7QAO","2019-12-06T14:32:20.000Z","0054T000000ZZW7QAO","","a2K4T00000007wHUAQ","false","9000000.0","a324T000000QN5qQAG","a324T000000QN5qQAG","17881575395414735","false","false","false","","","","false","","","a2D6g0000004bumEAA",""
"a3f4T000000PwRJQA0","0054T000000ZZW7QAO","","9342","2019-12-06T14:32:20.000Z","0054T000000ZZW7QAO","2019-12-06T14:32:20.000Z","0054T000000ZZW7QAO","","a2K4T00000007wHUAQ","false","1010.0","a324T000000QN5rQAG","a324T000000QN5rQAG","44761575395414736","false","false","false","","","{{IF=""A""}}{{COND=""A"" FIELD=""LLC_BI__Loan__c.LLC_BI__Stage__c"" IS=""Qualification""}}{{SHOW_ROUTE}}{{ENDIF}}{{IF=""B""}}{{COND=""B"" FIELD=""LLC_BI__Loan__c.LLC_BI__Stage__c"" IS=""Proposal""}}{{SHOW_ROUTE}}{{ENDIF}}{{IF=""C""}}{{COND=""C"" FIELD=""LLC_BI__Loan__c.LLC_BI__Stage__c"" IS=""Credit Underwriting""}}{{SHOW_ROUTE}}{{ENDIF}}{{IF=""D""}}{{COND=""D"" FIELD=""LLC_BI__Loan__c.LLC_BI__Stage__c"" IS=""Final Review""}}{{SHOW_ROUTE}}{{ENDIF}}","false","","","a2D6g0000004bunEAA",""
"a3f4T000000PwRKQA0","0054T000000ZZW7QAO","","9343","2019-12-06T14:32:20.000Z","0054T000000ZZW7QAO","2019-12-06T14:32:20.000Z","0054T000000ZZW7QAO","","a2K4T00000007wHUAQ","false","1000.0","","a324T000000QN5rQAG","88661575395414736","false","false","false","","","{{IF=""A""}}{{COND=""A"" FIELD=""LLC_BI__Loan__c.LLC_BI__Stage__c"" IS=""Qualification""}}{{SHOW_ROUTE}}{{ENDIF}}{{IF=""B""}}{{COND=""B"" FIELD=""LLC_BI__Loan__c.LLC_BI__Stage__c"" IS=""Proposal""}}{{SHOW_ROUTE}}{{ENDIF}}{{IF=""C""}}{{COND=""C"" FIELD=""LLC_BI__Loan__c.LLC_BI__Stage__c"" IS=""Credit Underwriting""}}{{SHOW_ROUTE}}{{ENDIF}}{{IF=""D""}}{{COND=""D"" FIELD=""LLC_BI__Loan__c.LLC_BI__Stage__c"" IS=""Final Review""}}{{SHOW_ROUTE}}{{ENDIF}}","false","","","a2D6g0000004buoEAA",""
"a3f4T000000PwRLQA0","0054T000000ZZW7QAO","","9344","2019-12-06T14:32:20.000Z","0054T000000ZZW7QAO","2019-12-06T14:32:20.000Z","0054T000000ZZW7QAO","","a2K4T00000007wHUAQ","false","2010.0","a324T000000QN5jQAG","a324T000000QN5jQAG","24171575395414736","false","false","false","","","","false","","","a2D6g0000004bupEAA",""
"a3f4T000000PwRMQA0","0054T000000ZZW7QAO","","9345","2019-12-06T14:32:20.000Z","0054T000000ZZW7QAO","2019-12-06T14:32:20.000Z","0054T000000ZZW7QAO","","a2K4T00000007wHUAQ","false","2000.0","","a324T000000QN5jQAG","81751575395414737","false","false","false","","","","false","","","a2D6g0000004buqEAA",""
"a3f4T000000PwRNQA0","0054T000000ZZW7QAO","","9346","2019-12-06T14:32:20.000Z","0054T000000ZZW7QAO","2019-12-06T14:32:20.000Z","0054T000000ZZW7QAO","","a2K4T00000007wHUAQ","false","16020.0","a324T000000QN5kQAG","a324T000000QN5kQAG","18651575395414739","false","false","false","","","{{IF=""A""}}{{COND=""A"" FIELD=""LLC_BI__Loan__c.LLC_BI__Stage__c"" IS=""Approval / Loan Committee""}}{{SHOW_ROUTE}}{{ENDIF}}{{IF=""B""}}{{COND=""B"" FIELD=""LLC_BI__Loan__c.LLC_BI__Stage__c"" IS=""Processing""}}{{SHOW_ROUTE}}{{ENDIF}}{{IF=""C""}}{{COND=""C"" FIELD=""LLC_BI__Loan__c.LLC_BI__Stage__c"" IS=""Doc Prep""}}{{SHOW_ROUTE}}{{ENDIF}}{{IF=""D""}}{{COND=""D"" FIELD=""LLC_BI__Loan__c.LLC_BI__Stage__c"" IS=""Closing""}}{{SHOW_ROUTE}}{{ENDIF}}{{IF=""E""}}{{COND=""E"" FIELD=""LLC_BI__Loan__c.LLC_BI__Stage__c"" IS=""Post Closing Review""}}{{SHOW_ROUTE}}{{ENDIF}}","false","","","a2D6g0000004buxEAA",""
"a3f4T000000PwROQA0","0054T000000ZZW7QAO","","9347","2019-12-06T14:32:20.000Z","0054T000000ZZW7QAO","2019-12-06T14:32:20.000Z","0054T000000ZZW7QAO","","a2K4T00000007wHUAQ","false","16510.0","a324T000000QN5uQAG","a324T000000QN5uQAG","48841575395414739","false","false","false","","","{{IF=""A""}}{{COND=""A"" FIELD=""LLC_BI__Loan__c.LLC_BI__Stage__c"" IS=""Booked""}}{{SHOW_ROUTE}}{{ENDIF}}","false","","","a2D6g0000004buyEAA",""
"a3f4T000000PwRPQA0","0054T000000ZZW7QAO","","9348","2019-12-06T14:32:20.000Z","0054T000000ZZW7QAO","2019-12-06T14:32:20.000Z","0054T000000ZZW7QAO","","a2K4T00000007wHUAQ","false","9010.0","a324T000000QN5lQAG","a324T000000QN5lQAG","41281575395414740","false","false","false","","","","false","","","a2D6g0000004bv1EAA",""
"a3f4T000000PwRQQA0","0054T000000ZZW7QAO","","9349","2019-12-06T14:32:20.000Z","0054T000000ZZW7QAO","2019-12-06T14:32:20.000Z","0054T000000ZZW7QAO","","a2K4T00000007wHUAQ","false","9000.0","","a324T000000QN5lQAG","68891575395414740","false","false","false","","","","false","","","a2D6g0000004bv2EAA",""
"a3f4T000000PwRRQA0","0054T000000ZZW7QAO","","9350","2019-12-06T14:32:20.000Z","0054T000000ZZW7QAO","2019-12-06T14:32:20.000Z","0054T000000ZZW7QAO","","a2K4T00000007wHUAQ","false","3020.0","a324T000000QN5mQAG","a324T000000QN5mQAG","00801575395414742","false","false","false","","","","false","","","a2D6g0000004bv6EAA",""
"a3f4T000000PwRSQA0","0054T000000ZZW7QAO","","9351","2019-12-06T14:32:20.000Z","0054T000000ZZW7QAO","2019-12-06T14:32:20.000Z","0054T000000ZZW7QAO","","a2K4T00000007wHUAQ","false","3000.0","","a324T000000QN5mQAG","41671575395414742","false","false","false","","","","false","","","a2D6g0000004bv7EAA",""
"a3f4T000000PwRTQA0","0054T000000ZZW7QAO","","9352","2019-12-06T14:32:20.000Z","0054T000000ZZW7QAO","2019-12-06T14:32:20.000Z","0054T000000ZZW7QAO","","a2K4T00000007wHUAQ","false","17010.0","a324T000000QN5nQAG","a324T000000QN5nQAG","14251575395414743","false","false","false","","","","false","","","a2D6g0000004bv9EAA",""
"a3f4T000000PwRUQA0","0054T000000ZZW7QAO","","9353","2019-12-06T14:32:20.000Z","0054T000000ZZW7QAO","2019-12-06T14:32:20.000Z","0054T000000ZZW7QAO","","a2K4T00000007wHUAQ","false","17000.0","","a324T000000QN5nQAG","74181575395414743","false","false","false","","","","false","","","a2D6g0000004bvAEAQ",""
